ID,名称,图标,BD,模型,贴图,破坏模型,碰撞体,碰撞体ID,碰撞护甲,动作,移动音效,旋转音效,旋转音效,武器音效,缺省动作,缩放,旋转,物体长度,飞行旋转,"旋转轴xyz（0表示z，123分别表示x,y,z）",旋转轴,旋转轴,旋转轴,旋转轴,旋转轴,是车（0tank，1car，2air,轮胎轴,炮管反转(1表示是),长,宽,高度,射击高度,标题高度,材质环境,材质漫反射,材质高光,放置高度,"","","","","","","","","","","","",""
ID,Name,Icon,Billboard,Model,Tex,ModelBroken,Collides,CollideIDs,CollideDefenses,Anim,RunSound,PaoGuanRotationSound,PaoTaiRotationSound,FireLoadSound,DefaultAnim,ModelScale,ModelRot,ObjLength,FlyAnchorRot,Rot0,Rot1,Rot2,Rot10,Rot11,Rot12,IsCar,Wheelrot,Rot1_1,Length,Width,Height,HeightShoot,HeightTitle,Ambient,Diffuse,Specular,PutHeight,"","","","","","","","","","","","",""
20001,"","","","","","","","","","","","","","","",1,0,"","","","","","","","","","","",4,4,0.1,1.6,1.5,"(1,1,1)","(1,1,1)","(0,0,0)",0,"","","","","","","","","","","","",""
20002,"","","","","","","","","","","","","","","",1,0,"","","","","","","","","","","",1,1,1,1.6,1.5,"(1,1,1)","(1,1,1)","(0,0,0)",0,"","","","","","","","","","","","",""
20003,"","","","","","","","","","","","","","","",1,0,"","","","","","","","","","","",1,1,1,1.6,1.5,"(1,1,1)","(1,1,1)","(0,0,0)",0,"","","","","","","","","","","","",""
20102,战士,"","",Data/MANYKit/models/actors/zhanshi/model22.px2obj,Data/MANYKit/models/actors/zhanshi/wujing1.png,"",tou;xiong;fu;zuobi0;zuobi1;youbi0;youbi1;zuotui0;zuotui1;youtui0;youtui1;pengu;jiao_z;jiao_y,101;102;103;104;105;106;107;108;109;110;111;112;113;114,100;100;100;100;100;100;100;100;100;100;100;100;100;100,Data/MANYKit/models/actors/zhanshi/anim1.xml,"","","","",stand,0.028,180,"","","","","","","","","","","",0.7,0.7,1.7,1.6,2.5,"(1,1,1)","(1,1,1)","(0,0,0)",0,"","","","","","","","","","","","",""
20104,战士新,"","",Data/MANYKit/models/actors/zhanshi/model22.px2obj,Data/MANYKit/models/actors/zhanshi/wujing1.png,"",tou;xiong;fu;zuobi0;zuobi1;youbi0;youbi1;zuotui0;zuotui1;youtui0;youtui1;pengu;jiao_z;jiao_y,101;102;103;104;105;106;107;108;109;110;111;112;113;114,100;100;100;100;100;100;100;100;100;100;100;100;100;100,Data/MANYKit/models/actors/zhanshi/anim1.xml,"","","","",stand,0.028,180,"","","","","","","","","","","",0.7,0.7,1.7,1.6,2.5,"(1,1,1)","(1,1,1)","(0,0,0)",0,"","","","","","","","","","","","",""
20103,印度士兵,Data/MANYKit/models/actors/india/icon.png,"",Data/MANYKit/models/actors/zhanshi/modelindia.px2obj,Data/MANYKit/models/actors/zhanshi/tw.png,"",tou;xiong;fu;zuobi0;zuobi1;youbi0;youbi1;zuotui0;zuotui1;youtui0;youtui1;pengu;jiao_z;jiao_y,101;102;103;104;105;106;107;108;109;110;111;112;113;114,100;100;100;100;100;100;100;100;100;100;100;100;100;100,Data/MANYKit/models/actors/zhanshi/anim1.xml,"","","","",stand,0.028,180,"","","","","","","","","","","",0.7,0.7,1.7,1.6,2.5,"(1,1,1)","(1,1,1)","(0,0,0)",0,"","","","","","","","","","","","",""
22009,坦克T90,Data/MANYKit/models/vehicles_army/tankt90/icon.png,"",Data/MANYKit/models/vehicles_army/tankt90/model.px2obj,"",Data/MANYKit/models/vehicles_army/tankt90/modelbroken.px2obj,t_all;ss_you;ss_zuo;sx_you;sx_zuo;lv_you_z;lv_zuo_z;t_you_q;t_you_zh;t_you_h;t_zuo_q;t_zuo_zh;t_zuo_h;lv_you_h;lv_zuo_h;paodun;pt_zuo_z;pt_you_z;jiqiang;pt_zuo;pt_you;pt_zuo_h;pt_you_h;lunzi,100;101;102;103;104;105;106;107;108;109;110;111;112;113;114;115;116;117;118;119;120;121;122;123,100;100;100;100;100;100;100;100;100;100;100;100;100;100;100;100;100;100;100;100;100;100;100;100,"",Data/PNight/media/sounds/vehicle_army/tank.wav,Data/PNight/media/sounds/vehicle_army/paoguan.MP3,Data/PNight/media/sounds/vehicle_army/paotai.MP3,Data/PNight/media/sounds/vehicle_army/load.wav,"",0.04,180,"","(180,0,0)",0,1,4,"","","","","","",5,12,4,1.6,4,"(1,1,1)","(1,1,1)","(0,0,0)",0,"","","","","","","","","","","","",""
22010,坦克99,Data/MANYKit/models/army/vehicle/tank99/icon.png,"",Data/MANYKit/models/army/vehicle/tank99/model.px2obj,"","",t_all;ss_you;ss_zuo;sx_you;sx_zuo;lv_you_z;lv_zuo_z;t_you_q;t_you_zh;t_you_h;t_zuo_q;t_zuo_zh;t_zuo_h;lv_you_h;lv_zuo_h;paodun;pt_zuo_z;pt_you_z;jiqiang;pt_zuo;pt_you;pt_zuo_h;pt_you_h;lunzi,100;101;102;103;104;105;106;107;108;109;110;111;112;113;114;115;116;117;118;119;120;121;122;123,100;100;100;100;100;100;100;100;100;100;100;100;100;100;100;100;100;100;100;100;100;100;100;100,"",Data/PNight/media/sounds/vehicle_army/tank.wav,Data/PNight/media/sounds/vehicle_army/paoguan.MP3,Data/PNight/media/sounds/vehicle_army/paotai.MP3,Data/PNight/media/sounds/vehicle_army/load.wav,"",0.006,0,"","(90,0,0)",2,1,2,"","","","","","",3.8,6.2,2.5,1.6,4,"(1,1,1)","(1,1,1)","(0,0,0)",0,"","","","","","","","","","","","",""
